{
  "users": [
    {
      "id": "b291",
      "name": "admin",
      "email": "ad@mail.com",
      "password": "pass123"
    },
    {
      "id": "bade",
      "name": "amarjeet",
      "email": "admin@mail.com",
      "password": "123"
    },
    {
      "id": "2461",
      "name": "indian movie",
      "email": "amarjeet.arora@asreet-tech.com",
      "password": "12345"
    },
    {
      "id": "8e50",
      "name": "spiderman",
      "email": "amar@mail.com",
      "password": "111"
    }
  ]
}