{
  "users": [
    {
      "id": 1,
      "name": "admin",
      "email": "ad@mail.com",
      "password": "pass123"
    },
    {
      "id": "bade",
      "name": "amarjeet",
      "email": "admin@mail.com",
      "password": "123"
    },
    {
      "id": "2461",
      "name": "indian movie",
      "email": "amarjeet.arora@asreet-tech.com",
      "password": "12345"
    },
    {
      "id": "8e50",
      "name": "spiderman",
      "email": "amar@mail.com",
      "password": "111"
    },
    {
      "id": "af25",
      "name": "demo",
      "email": "dem@mail.com",
      "password": "999"
    },
    {
      "id": "c083",
      "name": "DEMO_APP",
      "email": "demoapp@mail.com",
      "password": "999999999"
    }
  ]
}